<?xml version="1.0" encoding="utf-8"?>
<extension type="component" version="3.0" method="upgrade">
    <name>com_fileupload</name>
    <creationDate>2014-08-02</creationDate>
    <copyright>Copyright (C) 2014. All rights reserved.</copyright>
    <license>GNU General Public License version 2 or later; see LICENSE.txt</license>
    <author>nagesh</author>
    <authorEmail>NAGESH.MS5@GMAIL.COM</authorEmail>
    <authorUrl>http://localhost</authorUrl>
    <version>1.0.0</version>
    <description>to upload to the server</description>
    
    
    
    <install> <!-- Runs on install -->
        <sql>
            <file driver="mysql" charset="utf8">sql/install.mysql.utf8.sql</file>
        </sql>
    </install>
    <uninstall> <!-- Runs on uninstall -->
        <sql>
            <file driver="mysql" charset="utf8">sql/uninstall.mysql.utf8.sql</file>
        </sql>
    </uninstall>

    <files folder="site">
        <filename>index.html</filename>
        <filename>fileupload.php</filename>
        <filename>controller.php</filename>
        <filename>router.php</filename>
        <folder>views</folder>
        <folder>models</folder>
        <folder>controllers</folder>
        <folder>helpers</folder>
        <folder>assets</folder>
    </files>
    <languages folder="site">
        
			<language tag="en-GB">language/en-GB/en-GB.com_fileupload.ini</language>
    </languages>
    <administration>
        <menu img="components/com_fileupload/assets/images/s_com_fileupload.png" >COM_FILEUPLOAD</menu>
        <submenu>
            
			<menu link="option=com_fileupload&amp;view=files" view="files" img="components/com_fileupload/assets/images/s_files.png" alt="Fileupload/Files">COM_FILEUPLOAD_TITLE_FILES</menu>

			<menu link="option=com_fileupload&amp;view=fileuploadss" view="fileuploadss" img="components/com_fileupload/assets/images/s_fileuploadss.png" alt="Fileupload/Fileuploadss">COM_FILEUPLOAD_TITLE_FILEUPLOADSS</menu>

        </submenu>
        <files folder="administrator">
            <filename>access.xml</filename>
            <filename>config.xml</filename>
            <filename>controller.php</filename>
            <filename>index.html</filename>
            <filename>fileupload.php</filename>
            <folder>controllers</folder>
            <folder>assets</folder>
            <folder>helpers</folder>
            <folder>models</folder>
            <folder>sql</folder>
            <folder>tables</folder>
            <folder>views</folder>
            <folder>language</folder>
        </files>
        <languages folder="administrator">
            
			<language tag="en-GB">language/en-GB/en-GB.com_fileupload.ini</language>
			<language tag="en-GB">language/en-GB/en-GB.com_fileupload.sys.ini</language>
        </languages>
    </administration>
    <plugins>
        <plugin group="search" plugin="fileupload"/>
    </plugins>
    
</extension>
<!-- Component built by the Joomla Component Creator -->
<!-- http://www.component-creator.com/ -->
